id,emo,name,onTime,endTime
1,Happy,1_22,1685361378.8370001,1685361381.866
2,Neutral,10,1685361387.246,1685361390.085
3,rest,rest,1685361398.491,1685361578.491
4,Happy,3_5,1685361597.9290001,1685361821.329
5,Proud,proud_31,1685361887.1920002,1685362128.696
6,Sad,4,1685362194.107,1685362374.4980001
7,Neutral,7,1685362437.974,1685362566.369
8,Fear,3_32,1685362633.04,1685362820.404
9,Sad,2_22,1685362884.081,1685363074.443
10,Proud,proud_33,1685363138.742,1685363336.313
11,Neutral,8,1685363400.027,1685363610.4190001
12,Sad,1_14,1685363674.492,1685363915.839
13,Fear,3_21,1685363979.571,1685364152.9420002
14,Proud,proud_36,1685364216.464,1685364452.573
15,Neutral,9,1685364516.172,1685364710.571
16,Happy,3_7,1685364774.5870001,1685364961.986
17,Fear,3_13,1685365025.578,1685365257.981
18,Happy,5,1685365321.9980001,1685365534.403
