id,emo,name,onTime,endTime
1,Happy,1_22,1683959851.394,1683959911.394
2,Neutral,10,1683960158.593,1683960218.593
3,rest,rest,1683960293.348,1683960473.348
4,Sad,1_13,1683960498.358,1683960738.724
5,Fear,1_15,1683960877.814,1683961174.206
6,Proud,proud_09,1683961322.17,1683961517.5479999
7,Neutral,1,1683961612.402,1683961837.786
8,Happy,4,1683961958.4229999,1683962134.792
9,Fear,3_30,1683962227.766,1683962409.135
10,Happy,1,1683962680.7649999,1683962967.177
11,Proud,proud_14,1683963099.2779999,1683963292.661
12,Sad,3,1683963363.849,1683963517.251
13,Neutral,2,1683963587.362,1683963755.756
14,Fear,1_11,1683963838.169,1683963906.553
15,Sad,8,1683963986.905,1683964309.207
16,Proud,proud_35,1683964391.27,1683964627.567
17,Neutral,3,1683964691.645,1683964849.056
18,Happy,1_3,1683964916.226,1683965154.573
