id,emo,name,onTime,endTime
1,Happy,1_22,1685609214.394,1685609215.926
2,Neutral,10,1685609222.602,1685609223.846
3,rest,rest,1685609237.835,1685609417.835
4,Happy,3_5,1685609446.315,1685609669.72
5,Proud,proud_31,1685609741.134,1685609982.645
6,Sad,4,1685610083.819,1685610264.2250001
7,Neutral,7,1685610332.157,1685610460.546
8,Fear,3_32,1685610546.444,1685610733.805
9,Sad,2_22,1685610802.74,1685610993.109
10,Proud,proud_33,1685611061.338,1685611258.914
11,Neutral,8,1685611332.8,1685611543.204
12,Sad,1_14,1685611633.809,1685611875.163
13,Fear,3_21,1685611942.759,1685612116.142
14,Proud,proud_36,1685612210.267,1685612446.378
15,Neutral,9,1685612514.479,1685612708.871
16,Happy,3_7,1685612789.2940001,1685612976.694
17,Fear,3_13,1685613046.7910001,1685613279.19
18,Happy,5,1685613351.7710001,1685613564.174
