id,emo,name,onTime,endTime
1,Happy,1_22,1684564393.026,1684564393.822
2,Neutral,10,1684564398.548,1684564399.0700002
3,rest,rest,1684564418.318,1684564598.318
4,Proud,proud_32,1684564620.426,1684564812.9840002
5,Sad,7,1684564898.611,1684565066.838
6,Neutral,4,1684565164.4840002,1684565326.877
7,Happy,1_20,1684565391.6000001,1684565544.996
8,Fear,3_31,1684565619.051,1684565816.4090002
9,Happy,3,1684565885.858,1684566134.259
10,Neutral,5,1684566207.621,1684566356.023
11,Proud,proud_37,1684566420.1220002,1684566682.328
12,Sad,5,1684566822.1680002,1684566987.5700002
13,Fear,2_1,1684567070.2900002,1684567238.588
14,Neutral,6,1684567371.749,1684567546.161
15,Sad,3_4,1684567617.7350001,1684567848.118
16,Proud,proud_34,1684567914.206,1684568148.4950001
17,Happy,2,1684568217.5830002,1684568384.9780002
18,Fear,3_50,1684568463.8700001,1684568623.6850002
