id,emo,name,onTime,endTime
1,Happy,1_22,1684380192.174,1684380252.174
2,Neutral,10,1684380356.976,1684380416.976
3,rest,rest,1684380478.334,1684380658.334
4,Proud,proud_32,1684380686.381,1684380878.936
5,Sad,7,1684380951.987,1684381120.226
6,Neutral,4,1684381213.772,1684381376.171
7,Happy,1_20,1684381457.322,1684381610.724
8,Fear,3_31,1684381675.229,1684381872.583
9,Happy,3,1684381962.29,1684382210.688
10,Neutral,5,1684382274.059,1684382422.4620001
11,Proud,proud_37,1684382485.593,1684382747.786
12,Sad,5,1684382847.931,1684383013.3270001
13,Fear,2_1,1684383113.721,1684383282.023
14,Neutral,6,1684383355.302,1684383529.7
15,Sad,3_4,1684383595.615,1684383825.994
16,Proud,proud_34,1684383890.034,1684384124.3240001
17,Happy,2,1684384188.006,1684384355.405
18,Fear,3_50,1684384419.51,1684384579.328
