id,emo,name,onTime,endTime
1,Happy,1_22,1685415285.7680001,1685415286.111
2,Neutral,10,1685415289.355,1685415289.759
3,rest,rest,1685415621.546,1685415801.546
4,Happy,3_5,1685415823.1200001,1685416046.526
5,Proud,proud_31,1685416109.9810002,1685416351.492
6,Sad,4,1685416450.063,1685416630.461
7,Neutral,7,1685416707.594,1685416835.997
8,Fear,3_32,1685416928.937,1685417116.3000002
9,Sad,2_22,1685417191.8400002,1685417382.213
10,Proud,proud_33,1685417455.878,1685417653.441
11,Neutral,8,1685417758.555,1685417968.951
12,Sad,1_14,1685418033.604,1685418274.961
13,Fear,3_21,1685418352.9320002,1685418526.302
14,Proud,proud_36,1685418604.289,1685418840.3990002
15,Neutral,9,1685418935.746,1685419130.135
16,Happy,3_7,1685419305.642,1685419493.042
17,Fear,3_13,1685419592.803,1685419825.196
18,Happy,5,1685419903.3890002,1685420115.7940001
