id,emo,name,onTime,endTime
1,Happy,1_22,1684639690.5619998,1684639691.023
2,Neutral,10,1684639694.5159998,1684639694.911
3,rest,rest,1684639709.3809998,1684639889.3809998
4,Proud,proud_32,1684639910.8049998,1684640103.3679998
5,Sad,7,1684640173.5909998,1684640341.8309999
6,Neutral,4,1684640406.9469998,1684640569.333
7,Happy,1_20,1684640634.1299999,1684640787.5389998
8,Fear,3_31,1684640853.0549998,1684641050.4099998
9,Happy,3,1684641118.327,1684641366.722
10,Neutral,5,1684641436.27,1684641584.6599998
11,Proud,proud_37,1684641648.8379998,1684641911.0319998
12,Sad,5,1684641978.409,1684642143.81
13,Fear,2_1,1684642224.3279998,1684642392.6339998
14,Neutral,6,1684642460.1699998,1684642634.57
15,Sad,3_4,1684642698.148,1684642928.5319998
16,Proud,proud_34,1684643003.8109999,1684643238.1049998
17,Happy,2,1684643305.3539999,1684643472.7549999
18,Fear,3_50,1684643538.1759999,1684643697.9959998
