id,emo,name,onTime,endTime
1,Happy,1_22,1684068915.7,1684068975.7
2,Neutral,10,1684069050.322,1684069110.322
3,rest,rest,1684069168.076,1684069348.076
4,Sad,1_13,1684069371.401,1684069611.764
5,Fear,1_15,1684069679.8339999,1684069976.222
6,Proud,proud_09,1684070080.079,1684070275.464
7,Neutral,1,1684070357.3969998,1684070582.794
8,Happy,4,1684070661.692,1684070838.059
9,Fear,3_30,1684070905.125,1684071086.487
10,Happy,1,1684071151.628,1684071438.036
11,Proud,proud_14,1684071503.0219998,1684071696.421
12,Sad,3,1684071761.488,1684071914.885
13,Neutral,2,1684071979.011,1684072147.402
14,Fear,1_11,1684072255.111,1684072323.488
15,Sad,8,1684072400.494,1684072722.806
16,Proud,proud_35,1684072804.291,1684073040.597
17,Neutral,3,1684073104.566,1684073261.967
18,Happy,1_3,1684073328.579,1684073566.937
