id,emo,name,onTime,endTime
1,Happy,1_22,1683859406.813,1683859466.813
2,Neutral,10,1683859573.851,1683859633.851
3,rest,rest,1683859682.329,1683859862.329
4,Sad,1_13,1683859888.641,1683860129.007
5,Fear,1_15,1683860237.849,1683860534.244
6,Proud,proud_09,1683860609.447,1683860804.829
7,Neutral,1,1683860877.222,1683861102.611
8,Happy,4,1683861188.358,1683861364.727
9,Fear,3_30,1683861438.715,1683861620.074
10,Happy,1,1683862056.666,1683862343.063
11,Proud,proud_14,1683862407.226,1683862600.609
12,Sad,3,1683862696.7389998,1683862850.146
13,Neutral,2,1683862923.305,1683863091.701
14,Fear,1_11,1683863173.5449998,1683863241.915
15,Sad,8,1683863308.984,1683863631.286
16,Proud,proud_35,1683863698.8339999,1683863935.143
17,Neutral,3,1683864007.601,1683864164.998
18,Happy,1_3,1683864229.763,1683864468.121
