id,emo,name,onTime,endTime
1,Happy,1_22,1685539907.74,1685539909.162
2,Neutral,10,1685539928.194,1685539930.762
3,rest,rest,1685540047.7,1685540227.7
4,Happy,3_5,1685540250.458,1685540473.8600001
5,Proud,proud_31,1685540544.493,1685540785.998
6,Sad,4,1685540852.292,1685541032.692
7,Neutral,7,1685541109.589,1685541237.979
8,Fear,3_32,1685541307.943,1685541495.304
9,Sad,2_22,1685541561.286,1685541751.662
10,Proud,proud_33,1685541815.5970001,1685542013.17
11,Neutral,8,1685542088.66,1685542299.051
12,Sad,1_14,1685542990.969,1685543232.333
13,Fear,3_21,1685543312.9160001,1685543486.289
14,Proud,proud_36,1685543549.876,1685543785.984
15,Neutral,9,1685543855.9060001,1685544050.305
16,Happy,3_7,1685544138.046,1685544325.457
17,Fear,3_13,1685544388.869,1685544621.27
18,Happy,5,1685544684.373,1685544896.777
