id,emo,name,onTime,endTime
1,Happy,1_22,1684495668.661,1684495672.112
2,Neutral,10,1684495678.304,1684495680.162
3,rest,rest,1684495697.574,1684495877.574
4,Proud,proud_32,1684495898.814,1684496091.3739998
5,Sad,7,1684496155.444,1684496323.678
6,Neutral,4,1684496390.201,1684496552.592
7,Happy,1_20,1684496616.917,1684496770.3109999
8,Fear,3_31,1684496834.324,1684497031.685
9,Happy,3,1684497099.212,1684497347.6069999
10,Neutral,5,1684497412.901,1684497561.2949998
11,Proud,proud_37,1684497625.385,1684497887.5779998
12,Sad,5,1684497951.737,1684498117.136
13,Fear,2_1,1684498181.222,1684498349.526
14,Neutral,6,1684498414.445,1684498588.847
15,Sad,3_4,1684498654.825,1684498885.202
16,Proud,proud_34,1684498948.993,1684499183.2779999
17,Happy,2,1684499247.9659998,1684499415.3639998
18,Fear,3_50,1684499479.721,1684499639.537
