id,emo,name,onTime,endTime
1,Happy,1_22,1684374109.599,1684374113.233
2,Neutral,10,1684374118.124,1684374119.6990001
3,rest,rest,1684374148.889,1684374328.889
4,Proud,proud_32,1684374349.194,1684374541.754
5,Sad,7,1684374618.604,1684374786.842
6,Neutral,4,1684374853.412,1684375015.801
7,Happy,1_20,1684375078.376,1684375231.774
8,Fear,3_31,1684375335.5900002,1684375532.954
9,Happy,3,1684375797.03,1684376045.4290001
10,Neutral,5,1684376122.013,1684376270.417
11,Proud,proud_37,1684376335.999,1684376598.208
12,Sad,5,1684376663.6690001,1684376829.079
13,Fear,2_1,1684376896.3240001,1684377064.626
14,Neutral,6,1684377179.632,1684377354.045
15,Sad,3_4,1684377418.093,1684377648.477
16,Proud,proud_34,1684377737.52,1684377971.808
17,Happy,2,1684378069.344,1684378236.743
18,Fear,2_8,1684378305.8370001,1684378514.177
