id,emo,name,onTime,endTime
1,Happy,1_22,1684581337.092,1684581339.2680001
2,Neutral,10,1684581345.534,1684581346.26
3,rest,rest,1684581362.151,1684581542.151
4,Proud,proud_32,1684581564.408,1684581756.9750001
5,Sad,7,1684581826.427,1684581994.664
6,Neutral,4,1684582063.987,1684582226.379
7,Happy,1_20,1684582302.616,1684582456.0210001
8,Fear,3_31,1684582526.545,1684582723.907
9,Happy,3,1684582792.501,1684583040.901
10,Neutral,5,1684583107.024,1684583255.421
11,Proud,proud_37,1684583326.299,1684583588.492
12,Sad,5,1684584374.842,1684584540.247
13,Fear,2_1,1684584608.2480001,1684584776.549
14,Neutral,6,1684584855.218,1684585029.622
15,Sad,3_4,1684585094.113,1684585324.5
16,Proud,proud_34,1684585390.734,1684585625.026
17,Happy,2,1684585692.944,1684585860.338
18,Fear,3_50,1684585930.204,1684586090.01
