id,emo,name,onTime,endTime
1,Happy,1_22,1684312468.89,1684312469.365
2,Neutral,10,1684312473.9280002,1684312474.799
3,rest,rest,1684312485.64,1684312665.64
4,Proud,proud_32,1684312685.2280002,1684312877.789
5,Sad,7,1684312943.1260002,1684313111.364
6,Neutral,4,1684313174.5300002,1684313336.9280002
7,Happy,1_20,1684313400.295,1684313553.6910002
8,Fear,3_31,1684313616.5500002,1684313813.9160001
9,Happy,3,1684313877.217,1684314125.608
10,Neutral,5,1684314188.42,1684314336.821
11,Proud,proud_37,1684314399.653,1684314661.861
12,Sad,5,1684314725.8370001,1684314891.2450001
13,Fear,2_1,1684314954.272,1684315122.5770001
14,Neutral,6,1684315188.161,1684315362.5630002
15,Sad,3_4,1684315427.14,1684315657.522
16,Proud,proud_34,1684315722.693,1684315956.982
17,Happy,2,1684316020.482,1684316187.884
18,Fear,2_8,1684316251.4520001,1684316459.792
