id,emo,name,onTime,endTime
1,Happy,1_22,1684500950.5319998,1684500952.642
2,Neutral,10,1684500958.457,1684500959.7919998
3,rest,rest,1684500985.8009999,1684501165.8009999
4,Proud,proud_32,1684501187.925,1684501380.4889998
5,Sad,7,1684501444.2879999,1684501612.524
6,Neutral,4,1684501676.26,1684501838.651
7,Happy,1_20,1684501902.108,1684502055.5019999
8,Fear,3_31,1684502131.36,1684502328.727
9,Happy,3,1684502393.4959998,1684502641.8969998
10,Neutral,5,1684502705.899,1684502854.29
11,Proud,proud_37,1684502918.067,1684503180.2589998
12,Sad,5,1684503249.3569999,1684503414.76
13,Fear,2_1,1684503497.445,1684503665.7389998
14,Neutral,6,1684503735.9559999,1684503910.3609998
15,Sad,3_4,1684503974.1169999,1684504204.491
16,Proud,proud_34,1684504268.202,1684504502.48
17,Happy,2,1684504567.0749998,1684504734.48
18,Fear,3_50,1684504798.596,1684504958.408
