id,emo,name,onTime,endTime
1,Happy,1_22,1684725227.148,1684725228.042
2,Neutral,10,1684725232.937,1684725234.058
3,rest,rest,1684725252.257,1684725432.257
4,Proud,proud_32,1684725452.6460001,1684725645.2020001
5,Sad,7,1684725708.926,1684725877.167
6,Neutral,4,1684725959.483,1684726121.882
7,Happy,1_20,1684726189.0180001,1684726342.41
8,Fear,3_31,1684726409.394,1684726606.763
9,Happy,3,1684726671.83,1684726920.233
10,Neutral,5,1684726992.793,1684727141.191
11,Proud,proud_37,1684727244.418,1684727506.629
12,Sad,5,1684727639.356,1684727804.7710001
13,Fear,2_1,1684727903.961,1684728072.259
14,Neutral,6,1684728161.208,1684728335.614
15,Sad,3_4,1684728473.912,1684728704.2910001
16,Proud,proud_34,1684728779.1920002,1684729013.479
17,Happy,2,1684729086.624,1684729254.026
18,Fear,3_50,1684729318.195,1684729478.007
