id,emo,name,onTime,endTime
1,Happy,1_22,1684400539.815,1684400542.0479999
2,Neutral,10,1684400547.556,1684400549.136
3,rest,rest,1684400589.082,1684400769.082
4,Proud,proud_32,1684400789.404,1684400981.962
5,Sad,7,1684401050.605,1684401218.846
6,Neutral,4,1684401287.465,1684401449.852
7,Happy,1_20,1684401539.907,1684401693.309
8,Fear,3_31,1684401759.099,1684401956.454
9,Happy,3,1684402027.3899999,1684402275.7849998
10,Neutral,5,1684402344.215,1684402492.611
11,Proud,proud_37,1684402556.8669999,1684402819.0709999
12,Sad,5,1684402889.508,1684403054.905
13,Fear,2_1,1684403121.4459999,1684403289.75
14,Neutral,6,1684403364.645,1684403539.056
15,Sad,3_4,1684403608.2779999,1684403838.657
16,Proud,proud_34,1684403907.835,1684404142.126
17,Happy,2,1684404207.509,1684404374.911
18,Fear,3_50,1684404446.521,1684404606.325
