id,emo,name,onTime,endTime
1,Happy,1_22,1683947794.539,1683947854.539
2,Neutral,10,1683948006.323,1683948066.323
3,rest,rest,1683948120.54,1683948300.54
4,Sad,1_13,1683948325.2510002,1683948565.612
5,Fear,1_15,1683948637.121,1683948933.515
6,Proud,proud_09,1683949020.481,1683949215.862
7,Neutral,1,1683949297.815,1683949523.196
8,Happy,4,1683949588.047,1683949764.418
9,Fear,3_30,1683949829.0770001,1683950010.443
10,Happy,1,1683950075.514,1683950361.915
11,Proud,proud_14,1683950720.726,1683950914.111
12,Sad,3,1683950980.809,1683951134.2050002
13,Neutral,2,1683951199.05,1683951367.4390001
14,Fear,1_11,1683951431.4550002,1683951499.841
15,Sad,8,1683951564.675,1683951886.98
16,Proud,proud_35,1683951968.64,1683952204.943
17,Neutral,3,1683952268.898,1683952426.295
18,Happy,1_3,1683952492.411,1683952730.7610002
